,Course\Teacher,T01,T02,T03,T04,T05,T06,T07,T08,T09,T10,T11,T12,T13,T14,T15,T16,T17,T18,T19,T20,T21,T22,T23,T24,T25,T26,T27,T28,T29,T30,T31,T32,T33,T34,T35,T36,T37,T38,T39,T40,T41,T42,T43,T44,T45,T46,T47,T48,T49,T50,T51,T52,T53,T54,T55,T56,T57,T58,T59,T60,T61,T62,T63,T64,T65,T66,T67,T68,T69,T70,T71,T72,T73,T74,T75,T76,T77,T78,T79,T80,T81,T82,T83,T84,T85,T86,T87,T88,T89,T90,T91,T92,T93,T94,T95,T96,T97,T98,T99,T100,T101,T102,T103,T104,T105,T106,T107,T108,T109,T110,T111,T112,T113,T114,T115,T116,T117,T118,T119,T120,T121,T122,T123,T124,T125,T126,T127,T128,T129,T130
0,C01,35,52,38,128,98,40,80,38,21,67,113,109,121,76,29,56,32,35,66,28,85,53,76,120,105,45,83,61,113,56,31,44,84,76,56,9,101,55,69,110,10,19,88,51,92,47,19,100,37,56,88,95,129,85,3,101,49,98,56,12,41,40,1,64,54,58,11,113,80,103,10,49,84,22,35,60,18,32,88,45,110,31,111,49,99,60,97,103,97,20,23,47,107,65,75,116,126,65,119,79,24,31,18,92,94,54,53,7,42,67,82,123,126,52,118,50,86,115,13,56,80,63,9,67,7,117,78,18,110,104
1,C02,4,21,108,55,50,67,54,33,11,64,30,44,42,116,89,63,33,46,15,12,93,6,86,5,46,1,13,66,43,10,25,16,50,27,35,119,44,75,110,61,75,78,59,130,29,28,1,91,93,55,46,92,103,32,8,61,88,18,102,117,123,95,70,70,47,57,110,20,55,118,118,9,80,45,129,57,92,101,62,104,118,101,108,1,112,21,7,102,74,23,27,83,60,37,97,19,80,86,63,97,81,30,24,2,59,30,128,27,47,58,57,22,33,44,84,55,123,36,110,6,21,86,10,24,87,59,63,19,37,86
2,C03,72,2,89,8,61,70,128,129,81,52,69,1,39,35,119,41,41,15,100,89,24,39,26,77,62,102,110,44,116,84,85,107,60,48,66,4,7,109,3,70,99,61,72,13,95,3,113,79,18,80,74,83,59,60,120,115,44,55,33,22,72,60,113,67,5,69,127,1,74,62,72,19,49,37,46,16,10,87,78,38,58,5,114,82,130,89,74,51,114,8,12,89,33,118,37,101,61,126,34,86,129,95,6,43,10,126,65,65,36,113,17,74,78,1,105,81,38,20,101,28,42,41,33,38,117,65,44,116,41,125
3,C04,7,106,105,83,80,126,96,15,41,118,108,13,69,93,121,42,105,4,75,126,129,23,90,1,75,71,90,8,68,88,106,69,45,32,72,40,51,106,117,111,107,11,17,116,98,1,60,14,110,60,56,26,1,129,33,12,15,56,127,69,102,2,73,113,66,1,29,67,35,125,18,99,50,74,80,13,8,108,119,90,41,118,81,30,50,28,83,126,22,1,57,123,97,64,115,125,79,88,121,43,34,65,46,108,63,44,117,18,13,15,33,129,2,107,108,35,77,19,85,8,108,104,86,81,56,63,31,71,106,74
4,C05,87,37,79,106,84,118,37,103,51,33,18,125,37,58,12,62,103,124,53,76,88,42,29,47,25,112,76,93,125,64,62,29,34,102,97,45,4,118,19,120,66,35,38,104,33,10,20,88,81,82,29,41,76,94,17,56,107,22,80,57,122,129,34,126,53,30,130,34,123,122,44,65,62,57,126,82,128,54,113,119,54,91,78,10,107,61,127,79,126,58,128,105,114,103,100,46,74,90,57,69,70,97,108,25,9,109,15,106,31,44,52,94,124,15,28,80,106,8,56,31,56,112,81,64,89,57,101,39,74,103
5,C06,1,30,91,81,77,50,92,31,46,47,73,82,53,94,49,76,64,41,79,58,3,2,1,43,128,16,73,56,6,115,94,109,11,89,11,122,14,38,43,13,55,89,105,101,31,22,124,17,24,64,28,123,102,90,94,40,102,12,66,55,56,116,40,73,21,99,94,82,79,85,97,70,28,71,9,103,120,84,69,125,18,34,125,113,79,99,103,121,84,107,75,129,115,76,34,70,39,103,43,88,30,53,52,47,50,96,120,111,66,107,112,84,92,124,85,94,95,49,98,122,124,11,109,99,44,1,27,79,92,29
6,C07,95,82,76,94,113,101,89,115,13,115,99,31,36,90,92,83,7,48,63,8,43,82,107,125,59,81,60,39,71,33,102,26,12,122,41,87,70,21,86,52,88,12,23,87,18,100,4,61,102,13,14,113,51,118,98,112,104,35,115,42,16,10,48,50,101,122,108,98,18,1,49,69,116,84,87,114,39,20,70,71,78,121,29,33,71,32,5,18,90,116,74,20,47,50,8,56,125,98,125,51,130,34,93,1,127,22,46,62,77,48,113,86,119,84,14,46,70,44,97,11,18,35,97,90,46,91,11,1,45,38
7,C08,111,19,98,93,10,111,116,65,23,2,72,85,118,106,98,118,42,8,36,93,15,20,111,15,117,118,36,127,47,114,7,7,117,117,109,68,66,98,99,20,37,88,27,52,43,43,56,12,127,92,62,82,96,116,71,3,87,40,84,116,24,127,126,14,100,101,26,51,86,15,26,4,42,12,125,68,89,23,29,129,23,93,69,9,124,91,105,42,77,14,41,46,92,121,62,113,118,13,66,127,75,45,7,32,69,98,87,94,1,8,3,9,26,17,10,76,110,24,67,79,117,125,79,9,85,66,123,96,78,28
8,C09,108,105,128,67,54,95,91,42,130,96,21,22,100,101,94,121,101,59,113,124,74,111,92,94,41,93,94,99,73,11,75,111,5,1,61,51,90,93,36,41,60,109,57,72,3,118,37,64,56,68,22,24,34,10,26,10,120,69,74,21,7,118,56,35,3,43,67,65,126,105,58,29,85,72,59,83,101,3,67,91,59,66,36,66,32,79,13,64,57,61,50,112,104,82,83,85,87,79,122,34,126,39,38,22,128,70,63,100,28,24,77,23,111,12,48,121,27,102,107,26,70,77,58,62,45,7,115,27,85,39
9,C10,102,75,109,9,9,84,27,86,49,113,126,115,92,118,71,26,99,51,92,18,34,26,31,25,82,96,37,74,124,19,15,82,8,26,22,103,126,12,85,116,87,106,94,42,9,110,23,118,66,17,12,20,111,29,41,107,30,92,88,48,83,55,53,5,52,85,68,90,91,123,36,103,22,106,130,6,75,31,47,56,116,49,120,65,76,121,102,24,66,73,62,68,87,99,112,71,99,102,33,81,104,121,117,46,111,21,123,102,78,115,92,21,3,36,102,42,50,95,84,125,127,89,119,89,6,92,38,90,69,13
10,C11,76,73,48,107,92,98,119,40,80,104,127,10,40,25,112,38,127,32,31,73,58,66,104,118,8,64,119,102,98,58,54,32,36,45,43,27,81,2,45,11,42,51,11,85,125,45,119,104,64,103,33,8,101,21,127,48,20,4,39,67,99,33,58,92,91,44,30,18,45,5,117,107,5,95,107,62,114,78,2,80,38,22,2,79,68,64,71,94,75,94,112,59,1,40,3,5,10,27,15,101,38,60,88,59,122,19,121,124,53,11,64,37,113,60,56,24,99,78,38,21,129,123,23,12,57,18,59,84,98,24
11,C12,17,115,106,24,39,51,76,32,96,31,31,88,85,125,81,100,126,73,87,75,7,121,79,107,129,41,44,48,110,96,3,41,1,87,121,75,109,30,108,32,122,16,77,105,130,113,12,65,87,67,116,62,123,120,126,80,86,81,53,18,35,82,45,48,102,8,107,88,2,43,88,48,93,30,128,2,93,103,101,121,27,50,67,104,25,29,76,118,110,97,59,106,18,127,36,39,107,53,17,21,27,127,70,94,81,130,104,44,100,16,37,75,77,24,110,37,104,77,24,14,65,122,42,22,37,129,5,9,109,109
12,C13,23,65,95,129,19,32,68,37,109,74,102,54,44,23,58,10,8,65,124,129,92,38,64,4,16,47,38,95,85,38,116,51,106,98,113,91,128,105,10,6,3,117,103,76,88,44,92,114,111,105,91,109,3,41,31,44,113,49,20,11,75,99,25,97,107,108,10,94,48,46,84,104,106,38,88,115,78,81,21,32,57,119,24,38,2,54,110,78,12,54,33,32,40,115,117,84,19,72,72,23,100,128,71,98,88,51,62,86,72,65,129,6,37,57,130,4,94,84,112,19,109,58,105,50,43,16,43,99,99,84
13,C14,13,42,85,105,22,37,60,109,54,48,65,8,23,108,91,112,130,89,40,5,121,75,2,9,86,84,57,80,105,103,56,117,6,18,93,105,85,121,89,127,62,58,16,100,46,48,36,95,34,31,57,1,88,98,86,90,118,103,68,74,22,100,20,118,45,60,16,38,93,77,16,130,92,32,91,5,99,11,28,75,1,24,63,53,5,78,49,52,73,81,127,121,93,98,78,76,33,115,3,49,20,32,77,79,43,37,113,92,51,118,5,64,24,35,78,16,79,88,52,107,52,119,127,96,103,43,19,17,93,90
14,C15,11,113,58,53,40,122,113,8,35,108,64,2,59,128,31,59,83,123,62,125,119,36,51,71,11,15,18,106,41,125,119,36,113,30,98,77,118,41,35,2,80,36,82,40,120,109,58,55,14,38,127,27,5,130,125,93,66,54,130,50,126,31,104,11,50,94,88,6,94,25,1,28,17,99,104,110,33,94,30,94,92,116,74,74,129,37,72,62,36,100,42,92,81,33,1,14,93,49,40,121,44,48,90,111,52,101,92,109,61,62,123,83,34,129,37,5,83,109,90,51,79,8,115,103,49,74,37,59,91,96
15,C16,21,81,9,99,26,17,32,89,106,111,119,3,77,44,105,11,6,76,106,25,111,22,36,55,29,57,15,59,81,53,83,66,103,78,124,29,78,54,96,28,5,49,28,49,22,25,112,23,53,29,112,100,43,39,67,82,77,72,58,95,30,27,114,80,126,15,118,69,24,88,120,33,8,11,26,35,66,77,123,86,55,92,42,90,62,84,22,27,52,122,53,35,16,60,60,73,111,84,90,87,40,57,14,101,102,39,122,113,71,13,86,107,90,120,59,75,48,71,54,30,87,37,68,87,76,69,73,130,36,108
16,C17,22,10,16,100,93,38,109,39,62,60,93,121,127,10,21,61,12,55,111,52,65,4,15,119,31,121,72,112,106,67,49,123,62,120,123,125,68,50,53,12,111,124,3,96,10,11,63,69,52,42,61,102,55,25,36,34,115,112,109,65,50,23,65,65,71,116,128,15,19,51,107,108,13,125,113,58,20,59,71,59,35,71,73,68,97,49,6,106,1,86,35,15,30,69,122,43,2,43,93,29,87,110,34,130,83,58,126,21,124,1,90,20,115,83,60,95,81,108,124,130,25,57,110,30,48,29,22,61,113,30
17,C18,67,69,5,102,100,119,40,101,16,61,83,87,1,38,8,39,94,95,41,47,70,49,33,2,24,37,24,111,28,65,120,43,59,42,84,31,114,22,83,122,67,2,66,38,13,95,88,107,72,20,20,97,95,26,110,130,100,88,47,113,114,112,14,2,110,34,33,58,106,12,47,85,125,49,7,42,11,63,74,60,102,33,54,25,119,16,1,54,69,130,36,27,72,19,68,91,28,31,88,41,97,70,15,85,61,42,40,49,88,77,121,99,10,91,50,57,85,1,11,86,86,47,82,115,97,127,94,2,10,116
18,C19,46,35,36,116,89,7,46,54,95,59,12,4,33,83,110,77,70,109,69,86,10,117,113,31,50,130,41,22,55,62,59,98,38,115,59,118,129,61,4,5,82,34,34,24,65,116,97,37,30,45,103,118,89,8,70,6,48,17,121,51,121,21,109,81,113,123,39,41,25,127,48,37,87,102,62,72,27,5,128,30,4,46,1,87,11,9,116,19,117,51,102,28,14,126,71,119,124,19,106,85,57,90,128,106,30,16,28,33,16,89,8,2,45,92,125,51,90,23,58,110,110,71,32,104,115,25,14,95,56,31
19,C20,98,83,8,51,119,52,25,77,124,53,62,20,88,53,113,7,40,97,8,54,128,9,46,53,39,54,19,77,119,7,41,54,104,2,79,23,113,29,5,104,1,21,19,9,51,83,101,58,73,79,122,115,98,78,92,100,111,87,29,118,19,67,17,21,1,96,106,95,88,121,56,25,114,103,122,102,84,76,117,40,81,128,26,51,127,113,63,127,25,32,89,97,29,3,77,1,88,61,11,48,115,5,64,67,19,15,38,2,107,119,76,48,60,114,100,10,87,56,44,32,31,32,114,114,119,24,106,86,52,99
20,C21,56,51,65,56,1,86,121,55,91,125,114,104,81,104,95,105,18,28,91,56,89,67,57,86,30,44,9,107,56,1,76,31,18,20,122,60,32,100,82,36,71,54,25,107,78,94,115,110,71,30,37,71,54,69,6,19,67,73,128,16,96,128,115,59,81,23,5,14,39,108,2,45,73,31,72,107,6,12,12,13,61,1,62,31,125,20,23,101,2,91,3,117,86,74,90,109,78,39,129,19,93,11,68,50,117,46,57,40,30,2,101,38,25,121,61,97,32,13,117,65,63,42,103,107,62,49,32,41,125,12
21,C22,107,130,103,115,18,35,81,76,58,22,17,58,19,13,126,96,69,43,45,27,98,98,8,92,122,18,6,55,108,119,36,47,120,58,116,65,24,28,29,48,14,30,2,33,26,108,102,60,70,47,19,25,12,48,30,13,129,84,70,66,110,62,21,41,23,121,21,61,42,7,46,5,89,113,115,34,58,102,44,97,82,20,46,96,41,97,21,72,9,79,73,61,129,111,21,37,95,40,116,92,111,71,59,18,114,36,39,101,89,105,42,24,12,118,77,33,76,70,78,118,61,64,48,112,77,83,47,109,7,118
22,C23,104,49,33,130,75,109,17,60,83,117,28,28,27,129,111,5,27,99,64,23,30,29,55,109,22,13,74,121,46,47,26,85,51,108,104,128,10,107,97,14,31,84,45,79,19,97,59,48,2,5,81,46,128,114,5,57,1,94,17,63,51,66,60,63,63,41,80,128,22,94,21,94,31,53,11,81,109,79,75,124,42,129,66,48,36,114,4,119,38,19,113,95,96,116,88,128,31,128,31,35,68,3,75,63,110,40,119,67,44,43,79,17,22,10,106,77,23,120,5,35,126,28,11,124,55,87,62,121,18,18
23,C24,25,22,25,75,118,1,95,121,7,41,97,122,38,110,101,98,63,121,102,90,107,34,93,48,70,73,40,26,51,82,12,104,94,104,73,20,93,92,67,44,109,77,31,1,73,105,39,89,83,127,4,85,79,7,72,25,28,123,71,41,6,15,80,127,2,109,49,54,107,114,111,23,104,24,82,121,72,4,110,113,15,61,52,98,78,127,61,63,118,24,84,60,78,84,114,36,102,11,74,78,50,35,125,28,96,69,94,3,116,95,117,7,86,19,83,125,128,62,7,126,57,126,26,40,4,112,84,22,103,36
24,C25,45,111,82,38,107,115,2,19,9,7,103,78,83,28,56,14,109,2,130,15,45,109,19,110,85,82,114,118,120,93,79,105,74,116,36,59,74,1,41,94,59,17,108,3,41,121,81,109,130,12,25,72,78,111,81,103,43,60,41,102,82,125,108,25,111,78,34,3,104,126,3,116,11,7,67,63,59,58,109,5,65,124,93,118,72,55,25,61,43,112,60,52,73,88,84,99,113,64,85,58,108,102,62,55,66,45,112,26,70,66,96,92,35,78,29,73,10,2,36,94,5,78,56,122,25,17,77,75,75,61
25,C26,10,60,26,45,88,88,87,72,97,50,3,107,35,49,18,115,120,118,118,3,39,102,60,66,83,17,68,60,42,57,112,88,89,113,107,92,105,52,116,35,79,95,118,17,83,55,65,81,77,37,2,45,115,65,114,45,8,57,8,37,59,59,92,110,4,7,111,84,109,56,74,31,68,1,111,67,16,69,39,16,8,37,76,45,105,81,14,20,100,7,92,75,82,87,10,69,67,107,84,108,106,87,17,90,108,106,42,70,20,5,118,110,49,70,80,2,1,10,115,39,27,94,64,21,16,86,118,89,50,60
26,C27,114,14,70,12,17,94,9,7,127,93,52,15,115,55,70,23,53,87,23,100,67,46,115,13,40,5,14,126,61,79,47,5,64,127,102,66,45,43,75,42,70,79,39,44,28,40,29,9,67,116,118,58,77,24,25,41,101,113,73,111,42,109,32,87,74,66,2,45,3,3,14,42,3,35,81,40,94,27,95,76,14,45,48,12,88,27,77,68,10,15,91,76,80,124,86,129,117,85,83,111,17,104,49,89,15,1,129,104,18,124,62,112,114,86,23,127,65,80,66,37,69,111,24,43,51,110,108,92,1,1
27,C28,41,58,63,91,65,78,13,22,47,32,124,23,22,127,108,22,3,113,17,35,127,90,105,63,124,19,17,65,66,48,105,122,4,110,94,37,22,70,68,91,57,28,71,60,6,67,114,62,95,10,110,76,87,81,128,73,95,58,59,96,94,30,91,104,34,27,40,100,103,78,13,110,54,89,89,41,113,86,76,114,69,74,61,95,23,93,96,66,124,72,115,48,58,100,64,80,52,120,113,73,59,91,86,87,126,26,22,108,79,10,122,42,5,119,8,99,88,113,33,72,106,45,100,109,129,2,104,10,101,87
28,C29,120,100,13,98,87,74,11,73,44,72,116,18,55,42,57,86,80,104,5,42,83,114,119,69,107,40,82,70,69,95,121,14,28,49,1,69,88,94,105,22,98,5,52,66,106,61,33,43,101,84,35,105,92,19,32,63,64,96,120,31,84,11,6,95,93,79,41,127,9,92,57,40,37,110,93,30,106,52,51,115,108,30,32,55,84,95,82,47,33,68,78,4,21,57,66,25,71,82,78,38,54,2,94,33,36,83,69,64,93,45,83,76,93,77,104,122,51,79,61,83,32,83,13,34,54,109,126,46,128,119
29,C30,57,48,74,112,86,34,45,130,73,75,23,12,123,46,15,35,52,26,55,71,72,130,56,79,87,76,101,13,76,12,65,119,54,121,7,73,20,68,59,18,22,27,26,26,67,49,18,59,113,6,128,103,94,117,121,32,74,119,51,78,1,48,44,84,105,128,125,124,69,29,4,68,60,118,55,86,5,115,50,47,24,75,19,69,77,83,52,74,99,78,55,49,28,25,72,47,26,69,76,70,67,59,82,91,86,23,6,97,59,112,44,125,123,67,16,108,39,127,102,46,23,87,63,71,90,90,41,94,48,115
30,C31,30,108,115,111,116,127,126,78,85,107,123,105,60,1,55,13,60,102,71,26,4,59,58,114,127,4,69,109,129,16,11,30,24,88,85,21,77,83,111,47,58,32,67,69,2,19,110,105,91,113,17,65,26,95,1,105,84,125,57,82,120,3,130,114,73,80,3,122,81,8,23,61,24,15,99,1,124,95,6,127,98,28,6,128,70,40,43,44,127,118,10,16,120,52,32,54,70,95,68,28,103,17,119,127,55,122,110,15,41,121,94,105,50,68,39,67,113,50,14,1,51,29,20,45,1,8,127,35,94,51
31,C32,5,47,57,117,45,100,73,53,61,12,70,98,8,114,59,8,2,90,30,21,1,37,118,113,36,7,48,75,123,69,128,71,111,119,130,89,103,4,9,80,96,83,43,90,108,106,62,106,97,19,111,114,17,28,106,47,112,19,129,5,73,57,36,83,41,32,69,16,77,63,20,127,74,100,37,112,95,42,124,66,123,55,40,28,33,57,69,4,27,129,70,18,99,94,48,68,1,23,14,12,128,43,65,73,4,81,90,130,103,60,119,126,104,62,11,38,101,17,59,123,30,50,3,31,34,27,69,28,104,45
32,C33,110,89,50,10,64,48,129,125,8,101,129,71,114,71,64,9,51,22,34,72,94,97,48,42,93,90,91,19,57,30,22,100,96,39,58,39,107,119,93,7,128,53,124,15,101,119,87,92,17,98,38,15,10,100,68,124,59,44,67,72,93,46,57,90,123,67,35,17,54,39,30,83,10,67,47,109,79,16,34,49,119,16,10,86,61,33,65,67,51,108,65,43,103,14,45,120,55,25,8,50,60,109,37,57,17,24,18,10,25,92,95,32,1,29,3,14,7,99,113,77,17,60,44,129,50,126,4,15,95,53
33,C34,6,12,129,70,73,13,106,47,115,24,104,29,2,51,61,85,57,60,114,22,81,110,3,126,95,101,1,91,115,17,99,76,122,5,81,26,121,66,118,27,112,1,41,102,56,70,72,44,86,69,36,60,64,105,108,14,55,114,28,99,4,104,118,15,29,10,100,25,46,31,108,114,30,76,127,38,46,17,65,67,80,42,8,17,8,4,53,45,94,48,14,64,62,17,110,12,110,17,41,115,64,114,105,125,47,74,101,60,96,26,51,33,65,23,99,100,43,97,22,87,120,14,85,18,94,102,3,70,89,58
34,C35,83,87,1,122,27,71,105,98,116,109,68,9,34,65,46,67,75,66,14,81,126,85,95,76,81,39,89,1,82,100,4,18,37,64,95,58,17,67,58,97,69,96,73,35,82,34,126,80,27,1,39,84,84,11,101,26,69,74,75,61,2,90,111,56,121,91,59,99,111,119,68,13,86,62,38,93,69,64,79,34,19,120,57,112,83,112,122,128,24,115,110,85,79,85,108,108,20,109,5,56,125,77,32,112,84,41,83,85,120,114,22,102,110,14,9,65,46,121,42,67,38,48,50,36,100,100,53,44,27,15
35,C36,61,24,125,32,111,43,49,107,68,30,6,56,68,82,93,27,92,130,56,67,11,55,110,98,55,9,16,88,60,71,60,23,25,123,19,49,125,46,52,90,86,100,62,41,76,59,78,24,62,115,93,30,108,101,52,67,117,78,123,119,109,8,128,120,86,36,120,126,75,13,27,15,25,50,29,97,25,110,9,15,83,105,117,46,128,17,86,105,104,84,101,120,117,1,20,21,42,51,91,13,18,81,124,88,97,32,98,117,35,56,26,40,127,46,34,112,62,101,106,73,33,51,84,7,91,3,89,111,126,117
36,C37,64,119,60,68,67,124,74,12,53,114,44,89,108,130,45,126,4,54,99,109,84,54,63,56,102,98,122,123,36,15,71,121,52,75,88,42,37,16,39,117,33,67,29,29,110,71,8,129,45,46,32,107,130,68,116,23,125,10,86,68,3,96,124,78,39,89,85,39,53,112,103,102,81,126,106,89,40,47,17,2,76,11,128,93,60,125,38,39,108,128,88,66,65,61,31,100,82,1,79,76,110,98,130,56,67,18,103,87,126,80,110,78,109,96,24,98,96,60,62,120,115,129,16,65,31,12,29,43,4,54
37,C38,103,11,123,4,130,56,66,74,94,25,42,72,111,4,74,69,98,56,1,97,106,115,126,32,1,59,125,68,79,92,129,20,53,25,23,90,33,60,124,88,52,120,37,124,34,20,79,16,75,7,11,3,105,15,82,37,56,34,82,23,85,19,3,8,125,18,93,112,70,129,77,3,82,73,41,90,111,25,5,88,17,2,124,108,123,12,9,43,11,35,107,114,61,128,87,27,21,75,35,95,1,72,107,120,91,117,32,68,3,103,10,114,130,21,114,23,55,32,39,112,2,72,22,48,21,75,97,42,112,49
38,C39,109,15,34,11,62,113,93,99,33,17,26,79,41,95,127,47,116,108,74,80,12,65,22,105,42,10,47,124,102,34,33,86,95,130,33,28,2,69,74,113,34,91,64,62,32,30,6,52,119,96,76,42,16,54,21,49,96,20,3,9,78,12,13,88,80,83,81,68,49,60,122,119,113,101,22,79,29,116,33,102,2,72,12,76,37,70,20,7,102,45,120,71,12,107,63,58,83,9,1,32,98,29,40,53,124,113,37,8,49,126,27,118,97,66,69,39,5,39,64,104,28,3,8,27,61,123,90,108,115,121
39,C40,127,86,67,21,83,73,83,61,87,95,105,76,87,47,129,125,10,127,104,61,2,105,65,46,33,22,120,24,48,55,8,1,110,95,37,120,16,127,107,85,38,111,91,14,24,35,123,6,54,100,8,77,63,125,46,88,19,39,118,81,29,54,127,38,6,118,76,63,113,44,101,22,100,14,32,33,118,119,16,41,101,100,58,127,104,46,19,58,92,127,68,7,116,12,16,49,57,21,19,1,2,15,60,62,29,77,118,83,26,36,23,10,36,64,55,110,14,25,27,25,82,27,89,74,10,94,86,117,57,70
40,C41,34,50,6,104,104,87,111,52,108,124,53,130,96,21,117,25,30,13,50,70,42,18,34,123,118,77,121,89,37,78,21,57,20,46,18,113,110,114,34,56,91,70,48,56,122,52,122,130,3,101,15,121,69,23,88,94,119,29,94,40,117,102,28,69,40,16,28,72,122,19,67,53,44,47,2,85,86,82,59,130,13,114,118,3,43,11,100,14,82,103,95,36,2,26,81,107,100,73,86,114,28,28,80,71,26,29,89,32,92,110,6,58,121,72,97,71,118,94,70,88,7,53,49,60,3,38,67,34,107,34
41,C42,78,125,4,101,24,117,130,96,39,58,75,108,56,24,130,114,128,47,89,106,69,48,72,99,89,80,26,17,67,123,19,10,107,24,16,5,1,84,47,25,102,97,106,27,52,58,45,77,26,3,26,125,36,103,90,78,41,100,5,77,88,1,75,93,89,53,22,32,89,79,114,128,61,121,121,14,34,68,42,22,93,98,60,5,122,111,56,115,45,88,52,58,31,47,33,118,9,16,42,44,121,101,51,27,38,119,85,53,54,79,75,13,51,123,96,120,54,3,43,63,77,84,122,1,105,70,50,58,114,128
42,C43,31,93,24,96,23,96,12,48,12,92,128,62,20,36,88,45,113,91,44,83,99,72,71,38,106,48,92,71,87,85,72,95,116,63,20,6,11,49,12,130,41,104,15,112,114,103,55,76,94,120,86,73,52,56,12,71,6,90,1,39,64,77,72,29,28,105,46,117,7,91,38,71,45,122,21,8,30,60,84,28,96,3,87,47,94,77,18,69,93,123,83,127,118,51,96,98,12,42,103,67,49,14,69,65,23,108,44,75,37,7,68,8,129,9,46,102,97,40,128,74,122,90,67,126,86,80,45,47,86,23
43,C44,53,13,92,64,102,112,30,97,126,55,87,19,93,27,30,75,44,12,128,87,64,43,112,100,113,33,98,40,39,74,103,2,77,10,14,64,13,126,126,128,64,8,101,73,23,79,30,125,44,86,64,87,2,5,63,30,128,42,101,110,71,42,51,23,129,124,79,43,102,4,91,58,19,108,52,111,112,7,15,117,113,80,13,19,67,8,8,92,61,13,7,40,36,30,56,8,109,114,27,27,90,18,111,82,18,85,130,66,15,9,105,28,53,75,124,52,109,42,21,42,89,118,45,35,20,44,66,126,8,85
44,C45,65,34,130,92,94,57,124,30,45,127,54,46,103,72,67,108,84,105,77,113,104,123,78,124,69,115,105,104,97,83,44,17,7,118,49,36,53,65,114,89,92,63,49,61,60,63,111,96,114,90,51,81,62,31,100,120,80,6,19,91,69,7,47,13,128,120,123,125,50,128,54,6,128,114,14,126,102,1,1,18,95,77,50,78,12,82,80,1,20,102,63,119,113,2,82,17,106,93,55,83,61,118,26,75,12,61,3,58,87,46,13,30,105,97,119,30,127,30,25,69,55,98,129,125,29,89,116,107,35,122
45,C46,40,90,19,26,125,3,35,9,6,98,7,129,97,85,124,37,49,81,49,68,68,8,66,91,74,128,53,23,26,112,48,62,33,8,45,13,106,34,123,112,126,43,55,8,118,38,51,26,42,104,23,33,22,102,2,22,52,89,90,94,55,69,43,54,72,35,25,22,60,120,19,105,90,6,30,17,37,40,85,63,34,112,23,102,1,119,47,3,129,11,56,87,130,70,15,57,45,67,38,122,69,23,96,81,49,114,58,76,57,22,31,104,106,42,35,118,117,15,99,108,85,82,70,42,113,84,7,65,43,124
46,C47,33,122,87,47,51,16,24,17,22,112,48,80,107,39,28,106,86,119,39,55,124,52,96,3,90,110,75,130,83,128,10,78,30,14,117,41,94,97,11,101,85,126,123,103,64,74,50,49,85,106,100,88,112,93,76,65,73,75,22,127,44,122,4,33,108,13,124,11,23,33,6,8,118,65,16,128,85,39,121,10,91,78,7,94,73,45,129,116,31,49,44,116,48,79,27,28,96,100,25,7,76,4,109,19,109,115,54,30,38,41,114,122,76,80,1,17,17,82,122,105,49,79,7,20,96,32,2,31,71,8
47,C48,62,95,81,86,25,28,84,50,123,34,11,91,7,87,50,2,77,52,18,49,75,101,17,20,88,104,46,41,8,89,30,112,23,50,13,61,108,82,102,72,7,101,89,64,17,124,14,73,16,78,120,22,48,72,62,118,29,105,18,17,60,106,85,89,83,74,24,105,67,109,41,32,58,109,4,69,119,9,90,126,126,76,84,63,80,6,26,53,41,3,121,88,106,81,107,74,4,52,77,2,80,75,127,16,129,38,99,74,121,93,124,62,41,122,51,113,120,116,30,76,62,6,37,118,73,61,33,62,2,73
48,C49,54,39,7,121,79,2,50,81,60,76,115,83,57,3,14,122,13,92,120,84,61,118,130,6,28,91,77,62,35,42,58,99,101,21,55,35,91,120,129,124,63,103,96,30,90,64,53,119,125,54,107,104,124,47,84,87,121,33,77,97,87,24,107,94,87,87,129,35,112,89,28,59,78,120,33,43,60,72,46,122,68,85,38,41,55,26,123,87,81,2,108,41,125,78,116,33,75,47,29,16,63,129,61,77,101,112,25,79,64,61,73,16,80,16,44,49,16,104,93,66,125,127,62,53,15,71,30,8,55,100
49,C50,100,107,116,13,101,23,58,5,71,123,125,32,76,107,115,104,61,36,119,6,112,129,53,87,116,24,80,96,114,36,35,35,123,72,80,98,9,112,60,21,9,15,121,111,117,14,38,22,69,93,72,64,40,6,23,121,40,16,48,56,118,123,81,112,120,82,8,96,61,96,51,77,96,17,25,76,108,53,120,48,62,122,77,40,47,19,126,104,65,117,45,94,88,16,67,97,97,45,124,30,96,116,53,7,106,2,45,23,40,6,130,5,8,34,42,68,102,21,45,78,64,17,34,93,33,72,20,88,66,75
50,C51,79,80,17,66,85,123,1,119,26,120,58,114,119,103,84,57,73,114,73,29,18,51,87,8,18,97,21,125,23,91,9,96,99,16,34,25,65,85,2,86,8,64,9,78,123,23,108,28,36,18,87,99,21,2,119,119,12,120,13,60,104,36,94,45,76,97,74,118,27,83,125,84,117,112,108,44,76,48,13,87,48,44,123,11,126,118,36,41,72,110,17,31,51,97,98,63,6,117,53,15,21,82,74,15,112,63,115,126,129,111,2,100,55,6,127,69,98,112,87,47,15,20,120,92,60,116,103,16,124,68
51,C52,9,117,112,71,28,4,20,20,34,29,117,73,12,32,20,34,76,6,121,46,54,21,49,30,63,106,124,84,63,20,73,33,65,35,21,114,38,58,48,67,68,125,6,71,126,80,75,13,50,129,43,48,71,119,130,38,21,80,91,36,124,89,10,9,30,51,55,101,1,113,11,63,123,64,15,39,42,46,19,35,3,23,64,14,21,53,27,29,18,82,47,74,26,75,76,51,115,7,60,17,95,1,36,105,7,127,96,69,104,85,56,70,62,3,52,56,59,9,79,45,114,69,121,72,41,20,56,98,32,62
52,C53,112,74,94,23,106,120,42,63,89,94,112,57,30,14,72,79,89,18,47,99,60,86,98,58,57,120,45,79,25,116,46,118,119,7,57,54,115,86,62,81,121,42,86,77,71,51,15,124,129,85,55,124,53,17,113,84,103,32,64,58,89,87,98,74,56,115,103,70,128,71,25,12,52,82,69,12,83,100,89,39,20,126,43,54,120,86,2,35,70,53,100,9,9,122,19,24,130,48,18,52,46,13,29,76,105,50,82,20,85,109,36,103,39,2,101,28,84,63,116,117,103,43,124,66,130,106,26,4,6,112
53,C54,88,46,28,28,30,31,57,36,19,4,8,127,105,92,33,51,21,24,51,9,86,10,12,89,4,65,96,117,33,63,16,106,2,12,114,84,69,31,122,106,100,102,10,82,86,18,118,33,33,62,63,59,57,27,118,1,17,21,35,52,8,17,82,28,84,42,104,7,20,110,80,24,103,107,28,113,98,34,20,84,129,111,49,89,28,44,59,10,121,70,1,57,49,20,118,32,5,55,47,107,41,19,41,39,5,66,60,105,74,21,63,79,83,104,88,19,28,100,129,18,83,61,17,79,35,124,12,81,64,22
54,C55,27,54,66,29,14,62,125,85,17,65,56,81,99,109,118,54,55,30,97,57,20,31,25,40,66,36,111,115,17,104,43,59,29,66,115,88,130,91,26,95,35,39,60,59,87,129,7,42,96,57,98,36,18,73,9,5,94,110,108,104,47,79,66,123,119,72,60,107,16,93,96,14,63,111,51,37,77,104,100,1,47,48,109,130,58,52,98,25,128,105,90,37,7,18,41,117,98,76,28,46,101,6,76,128,8,10,114,24,50,120,4,43,58,106,43,106,122,103,88,57,45,73,104,28,75,36,92,118,15,66
55,C56,32,84,44,18,48,55,10,66,78,54,82,5,18,40,103,110,81,129,3,130,59,91,121,24,125,49,123,5,95,27,86,67,21,93,47,117,98,64,113,66,36,82,20,128,42,89,42,102,117,36,78,12,58,76,19,16,60,111,83,112,81,35,95,106,85,106,38,57,31,124,110,98,7,80,86,92,24,45,83,61,77,6,98,2,91,18,114,13,63,104,22,118,126,125,104,103,29,2,69,39,113,10,87,3,48,59,13,127,109,100,7,31,52,125,107,96,60,29,2,16,20,54,73,37,9,73,52,80,116,41
56,C57,101,123,124,88,122,116,101,114,64,9,71,14,24,115,37,70,118,84,12,104,37,81,102,7,71,55,7,6,88,126,98,38,57,96,86,86,21,124,109,65,18,9,100,55,49,9,127,10,79,34,80,32,113,35,115,114,68,37,106,4,98,61,18,115,90,127,32,71,38,47,115,44,1,58,48,64,104,8,11,101,22,107,11,8,6,130,12,96,109,27,86,81,89,48,6,38,121,57,49,90,66,88,118,99,95,7,84,63,119,108,104,93,94,25,75,104,34,43,10,12,121,9,36,123,84,120,61,125,76,95
57,C58,96,126,41,127,63,128,71,3,93,128,60,99,67,68,107,89,114,125,60,51,25,113,6,27,21,89,70,30,111,105,38,108,102,41,71,44,48,113,90,1,50,128,109,63,21,15,25,67,118,87,40,5,107,75,109,91,63,77,63,2,23,39,55,71,97,130,47,26,98,59,22,100,94,10,44,123,55,2,43,103,94,54,96,115,110,3,45,122,14,67,97,130,59,92,127,34,35,104,70,99,65,62,114,78,45,78,24,16,56,99,1,91,69,127,62,36,35,129,46,95,58,75,29,52,71,22,57,53,29,76
58,C59,59,31,10,90,43,91,115,62,100,122,22,6,130,50,122,43,43,86,58,77,8,14,4,121,72,107,59,37,24,117,123,90,105,13,127,129,39,80,77,26,49,73,125,109,4,41,32,75,31,70,69,93,70,43,122,72,127,124,42,33,28,63,49,47,33,125,65,10,78,20,90,93,72,40,118,101,31,43,105,36,111,40,3,114,44,51,68,15,119,22,49,45,102,4,50,83,11,41,73,6,78,21,122,80,99,92,56,56,130,53,55,96,116,71,22,34,75,12,118,102,113,16,6,6,14,21,80,77,49,3
59,C60,60,114,39,6,103,68,14,104,70,84,84,100,54,73,42,93,36,79,24,24,38,104,125,72,101,74,2,42,84,49,1,9,80,69,39,56,122,5,61,93,51,23,74,34,116,77,66,115,1,65,123,67,35,46,58,106,2,71,15,47,76,41,11,85,82,5,9,27,129,52,102,38,34,26,39,56,107,10,99,83,104,12,110,56,115,100,73,38,130,10,130,90,124,27,120,94,37,10,62,89,124,68,129,37,3,86,47,125,123,23,48,18,122,27,32,130,3,128,103,60,16,105,46,85,28,9,96,97,42,57
60,C61,18,1,113,46,33,8,79,11,15,26,106,68,45,123,66,33,17,67,90,123,109,30,116,85,91,129,112,16,117,122,122,63,69,68,31,100,31,10,37,30,19,29,112,121,5,54,24,93,76,110,52,110,19,20,51,92,85,127,69,15,101,44,26,116,48,46,84,33,87,72,62,88,107,63,96,65,54,73,68,116,7,56,102,109,30,124,50,34,54,40,58,111,91,10,102,48,23,33,4,9,12,94,98,4,82,56,73,51,75,17,9,50,101,54,20,6,130,81,76,128,66,93,18,54,30,13,70,123,117,67
61,C62,122,91,23,14,44,49,44,87,118,81,19,84,29,98,120,120,100,116,129,101,77,99,11,82,2,85,108,101,54,106,82,93,48,65,27,32,120,27,55,55,45,74,58,57,89,29,40,40,19,40,117,63,49,63,15,128,79,15,72,3,38,101,54,124,77,95,14,83,116,54,94,2,126,69,1,61,47,114,122,64,49,38,104,106,17,123,120,82,115,38,2,124,32,5,28,78,63,29,7,40,56,55,8,123,21,49,80,43,84,34,102,87,61,130,115,64,26,51,119,121,72,38,30,46,111,114,93,5,88,43
62,C63,99,56,107,3,72,85,77,4,30,69,14,70,106,113,47,124,104,11,103,112,123,112,80,70,79,14,87,50,38,2,96,128,35,90,12,74,64,87,120,69,95,119,61,45,15,78,69,29,89,27,41,126,73,36,79,18,83,97,36,123,5,76,2,12,25,68,1,111,10,26,76,7,23,2,112,66,82,113,104,21,99,52,4,23,35,65,17,50,35,39,105,101,56,36,44,42,3,38,56,103,94,124,19,24,31,8,20,95,43,18,70,65,7,98,94,87,103,125,71,101,100,10,52,15,65,113,122,112,70,89
63,C64,8,76,78,33,117,24,15,94,2,18,81,97,79,2,34,65,96,88,32,108,118,74,97,112,10,38,107,63,58,86,95,39,128,23,118,96,47,6,15,103,2,41,84,80,11,127,28,45,4,66,89,74,82,9,97,66,62,38,117,124,61,115,121,117,58,102,23,104,114,28,86,111,129,81,98,116,74,49,58,109,122,109,27,70,26,106,104,109,106,95,94,93,15,29,2,66,76,130,39,14,88,52,43,5,51,4,21,91,48,75,98,3,67,39,4,128,92,27,100,129,6,52,4,116,74,23,71,3,102,91
64,C65,19,118,37,120,69,125,63,16,129,83,118,25,86,9,44,78,46,106,72,66,66,16,42,17,97,126,127,47,109,121,88,74,90,106,46,123,27,74,21,53,114,10,130,7,1,33,26,11,13,8,10,116,74,74,64,102,70,5,93,129,113,130,39,98,61,52,58,123,37,81,129,39,75,5,36,49,43,62,106,20,117,87,65,72,108,39,51,86,88,62,114,107,98,59,109,77,47,81,44,53,74,66,99,118,92,33,97,96,27,52,14,82,82,40,67,59,82,93,89,2,54,106,60,5,58,62,28,67,19,102
65,C66,97,101,68,41,109,97,65,116,102,80,80,63,63,80,7,44,29,33,33,114,44,70,54,93,32,114,104,45,49,75,109,45,61,22,76,72,36,104,87,46,46,72,63,86,62,84,31,112,11,74,3,54,66,71,129,97,35,24,34,45,40,119,61,77,99,12,44,24,82,67,53,121,111,54,54,25,125,112,26,100,106,81,89,42,53,115,46,70,56,126,104,70,69,130,18,75,51,106,115,113,23,50,85,66,76,87,111,54,22,69,35,111,96,99,68,41,66,75,105,114,71,25,53,98,116,77,99,93,77,42
66,C67,58,92,47,52,99,69,100,79,128,85,94,93,110,48,86,1,35,98,88,82,105,64,21,101,76,56,54,2,40,18,2,6,70,112,48,11,50,11,14,107,65,107,40,67,100,7,9,21,41,111,49,50,118,88,91,85,114,99,122,71,129,80,69,31,18,47,66,2,95,18,42,91,39,96,40,23,91,44,82,50,25,41,53,124,34,66,119,81,116,31,72,23,54,62,24,123,108,125,37,119,4,47,50,48,70,73,7,90,6,91,97,56,128,110,2,53,11,57,28,109,75,67,118,16,22,103,98,105,105,9
67,C68,36,77,99,108,34,53,110,111,98,5,29,47,120,5,90,50,59,117,48,53,13,122,40,96,115,86,12,82,50,25,29,8,76,9,110,22,72,128,33,71,77,121,78,89,53,56,73,113,126,123,119,91,85,14,102,76,4,53,60,114,17,9,122,27,27,93,91,40,101,130,66,74,59,85,119,84,57,71,72,95,11,29,91,80,3,1,64,17,7,114,103,99,112,72,111,41,32,62,92,3,73,119,44,17,65,55,81,78,73,47,126,60,28,22,70,66,93,124,15,96,13,107,77,13,72,15,1,102,122,2
68,C69,50,97,30,114,35,103,5,35,1,87,34,52,64,8,109,28,26,72,84,11,21,80,59,61,52,83,126,20,14,39,117,126,17,105,5,46,58,57,1,19,130,129,129,39,79,126,13,1,29,83,92,31,4,99,56,55,10,1,78,121,74,111,129,108,106,63,52,55,44,14,61,129,105,28,10,27,49,90,41,37,88,9,56,129,24,24,11,112,85,124,4,78,45,15,65,30,62,58,128,18,39,69,22,96,16,75,61,1,82,84,84,116,72,82,121,117,116,55,55,80,1,103,126,25,106,121,15,104,23,83
69,C70,47,44,73,39,55,76,39,18,119,1,35,53,13,22,78,109,1,20,26,41,97,56,14,106,119,125,49,31,77,76,6,65,83,17,3,12,28,19,20,57,116,81,85,5,40,12,27,120,128,26,50,47,110,55,93,99,110,28,30,92,53,93,9,37,92,29,48,93,124,97,37,96,130,3,19,11,121,26,91,77,9,35,14,36,95,31,121,76,13,120,71,80,11,44,119,20,53,113,64,22,83,96,39,40,1,125,124,13,113,116,39,71,47,81,45,129,21,96,60,70,104,24,72,78,64,31,35,12,20,27
70,C71,84,102,29,61,37,129,69,23,84,3,39,95,122,105,52,97,124,70,57,38,32,89,27,65,65,117,50,49,9,72,42,25,55,80,101,2,25,103,128,115,97,31,110,88,74,36,98,31,106,35,18,35,32,110,66,54,26,93,25,64,112,120,100,51,43,119,95,109,28,82,99,30,18,130,73,88,19,19,114,57,128,18,72,126,81,129,55,28,6,75,77,21,3,56,40,60,86,127,46,124,116,115,56,93,130,43,8,4,97,28,109,108,15,38,79,45,124,126,35,59,91,59,41,94,88,53,75,57,118,59
71,C72,73,71,88,57,53,41,103,21,65,79,2,120,49,81,100,6,66,75,112,92,56,44,62,97,6,58,52,100,1,68,5,84,58,84,51,76,117,44,32,82,108,110,87,2,111,72,74,85,48,72,114,34,68,127,40,42,75,118,44,73,128,74,62,10,75,31,63,9,5,35,52,125,108,34,105,99,21,118,63,96,130,63,41,18,56,98,37,23,42,111,39,62,25,41,61,40,50,99,101,36,33,40,10,13,73,48,125,110,10,20,120,80,63,94,12,18,125,4,127,48,99,97,51,105,32,96,105,49,79,79
72,C73,119,85,102,17,112,39,102,75,105,10,46,7,48,59,16,53,58,1,2,62,48,32,99,10,51,32,29,21,30,21,127,72,127,40,99,43,12,33,76,123,56,105,80,97,99,32,10,122,46,75,66,19,29,115,22,9,5,45,4,6,31,37,7,60,17,84,86,62,121,49,70,41,35,59,85,29,13,126,31,123,53,89,90,44,86,72,99,11,8,119,122,86,35,34,69,114,90,74,100,57,114,22,1,84,104,102,1,114,29,123,78,45,13,101,82,79,100,53,75,85,4,81,74,130,128,30,46,11,30,120
73,C74,24,63,51,1,110,27,28,112,43,8,59,110,112,16,9,3,11,120,9,91,17,92,7,130,60,3,55,119,5,24,50,110,92,53,6,79,41,110,78,45,16,66,111,119,94,92,99,78,124,28,75,29,47,59,85,35,3,51,24,122,32,117,110,109,62,40,113,4,59,65,5,109,69,4,70,95,81,6,22,70,67,67,113,67,20,2,31,110,46,64,31,65,108,93,35,127,34,77,98,126,10,103,110,64,100,116,12,39,117,14,41,26,30,4,30,109,19,67,41,111,118,109,125,51,19,39,130,68,62,81
74,C75,118,18,59,44,71,99,23,128,86,16,63,59,104,57,48,4,71,62,95,10,116,79,127,45,27,6,22,29,45,8,63,37,78,111,4,7,52,3,81,102,113,112,50,68,81,86,41,121,8,25,1,80,50,113,50,60,39,64,124,128,65,85,5,62,78,24,122,49,41,73,55,67,91,90,92,124,65,111,53,44,26,27,83,52,117,117,32,88,58,74,76,42,119,112,125,3,127,78,54,4,62,113,72,42,72,27,127,115,91,127,25,113,87,93,54,12,107,90,74,55,10,34,99,91,118,105,10,69,9,111
75,C76,121,67,111,49,60,25,3,58,3,106,100,49,3,100,80,40,102,44,42,20,22,77,50,117,13,8,100,14,78,40,39,103,40,4,8,19,86,130,115,77,12,90,1,95,91,4,35,90,63,24,9,37,56,104,59,50,82,85,96,25,79,81,120,99,11,114,97,76,36,68,116,11,88,78,71,18,103,38,81,7,84,95,106,62,38,122,60,55,23,17,116,126,71,42,89,44,73,32,80,118,7,8,121,54,77,84,59,29,63,12,69,72,85,108,58,31,73,68,32,64,59,95,78,61,26,122,72,106,120,63
76,C77,52,64,22,72,16,66,51,123,107,28,36,103,80,30,85,49,106,74,122,34,29,19,41,18,112,46,116,90,107,70,80,60,112,67,63,106,97,99,16,33,118,24,92,74,104,117,117,97,105,95,82,108,37,16,77,43,51,122,116,70,95,22,76,16,117,22,75,110,58,80,109,101,122,68,58,71,71,65,92,118,74,25,88,6,102,56,15,120,103,76,13,77,74,6,70,2,105,56,71,105,99,85,100,100,103,94,70,38,23,104,58,57,120,18,57,107,36,37,65,20,26,99,123,59,83,34,81,45,123,126
77,C78,70,6,75,78,121,130,86,67,24,11,122,74,72,19,3,36,34,31,38,1,101,3,9,127,20,105,79,46,27,37,68,48,129,38,2,71,18,73,57,76,104,20,107,47,58,68,3,50,15,118,121,51,104,84,45,95,106,23,37,1,80,73,68,121,15,61,114,8,99,70,123,46,41,60,43,31,115,85,60,93,115,32,121,4,59,74,75,123,79,83,8,10,50,46,14,50,122,37,24,106,105,122,63,31,68,72,48,14,125,27,46,46,64,33,53,124,2,46,69,82,74,128,39,32,40,41,68,103,60,129
78,C79,38,28,64,113,11,121,82,90,31,45,45,106,17,91,5,16,111,110,109,31,52,15,82,67,80,35,85,7,70,28,70,115,126,129,30,107,83,59,17,118,29,26,93,22,37,76,46,63,104,114,94,128,28,121,112,83,7,3,23,106,116,65,29,44,7,98,105,87,130,116,15,56,64,86,90,3,100,14,40,51,121,17,119,85,64,10,78,83,37,59,123,50,127,31,30,62,7,118,118,72,82,83,4,58,113,31,49,42,128,42,116,49,16,59,91,115,115,28,126,9,68,1,98,95,47,85,55,6,58,5
79,C80,80,127,21,15,49,90,41,106,25,40,4,41,14,88,27,99,65,68,105,120,53,13,52,59,47,52,106,81,29,90,64,120,109,128,42,116,29,76,42,78,89,7,115,129,66,120,125,19,78,119,48,28,24,52,27,8,93,126,55,105,86,13,117,129,118,65,72,37,125,21,71,86,55,46,114,80,88,80,32,12,73,62,70,97,90,35,79,114,40,65,99,103,53,106,85,104,65,111,2,125,89,46,3,9,57,35,109,19,7,33,30,34,71,31,63,29,24,14,80,99,14,23,40,44,8,76,85,24,87,88
80,C81,124,40,14,48,68,14,67,45,74,68,78,16,6,79,26,103,85,27,116,63,6,40,43,14,110,122,61,85,31,26,110,83,93,61,129,15,99,51,28,50,47,47,83,32,115,99,54,30,90,89,71,7,90,108,38,69,123,13,2,7,103,38,79,17,13,3,15,50,40,6,79,1,51,19,77,73,35,35,54,58,37,79,86,110,27,104,111,100,21,56,34,72,23,110,23,4,27,101,67,77,53,36,13,95,121,110,2,119,62,68,107,88,99,116,18,101,29,110,51,127,50,15,25,14,104,28,114,37,121,32
81,C82,66,17,97,37,8,60,22,1,75,37,107,90,74,97,82,71,108,96,11,110,35,27,106,104,120,11,56,34,52,66,100,58,87,6,75,10,43,24,51,83,28,115,81,83,39,8,91,2,32,52,54,78,114,45,14,2,38,9,100,88,58,16,123,96,8,19,18,115,8,22,130,90,110,119,20,54,56,21,107,108,75,117,17,20,39,7,16,48,71,30,129,34,101,129,93,88,103,3,126,100,16,12,123,102,75,97,77,99,99,50,21,15,44,11,21,78,37,106,19,89,111,55,106,26,24,54,39,33,90,21
82,C83,75,53,2,125,123,5,122,93,14,27,9,34,62,70,79,21,31,10,127,59,113,124,129,19,98,68,71,52,53,102,90,79,73,86,112,130,96,48,8,74,11,99,127,70,59,128,77,7,121,11,47,57,31,106,65,36,22,101,49,80,49,56,103,91,36,111,82,81,105,86,69,124,53,88,117,15,51,130,38,3,79,108,5,99,46,75,40,93,80,4,20,24,13,113,59,15,92,116,50,84,71,99,33,115,87,62,14,81,94,87,74,115,57,88,74,70,119,22,130,81,47,62,112,113,121,47,128,113,67,55
83,C84,125,88,114,110,129,107,75,57,72,105,85,69,66,126,76,119,112,34,61,7,33,120,101,12,34,53,130,122,94,22,93,124,97,15,65,53,5,8,27,39,125,76,12,120,97,87,49,20,99,77,130,43,93,50,47,46,13,48,43,75,119,105,46,4,64,100,119,5,117,2,60,34,20,39,13,10,14,15,8,43,10,94,82,119,75,94,91,46,101,28,32,30,85,7,101,18,69,89,21,24,86,105,113,109,24,68,78,118,101,57,12,106,19,41,73,25,8,64,29,62,90,4,75,11,5,33,6,30,72,44
84,C85,15,32,110,74,6,63,59,105,77,119,79,94,26,64,24,113,48,29,126,96,14,73,114,26,111,23,67,4,128,77,23,127,98,100,70,101,73,96,104,15,54,92,21,126,45,107,95,108,23,99,6,23,86,58,16,81,108,104,110,79,57,83,35,1,16,107,7,53,33,69,124,26,119,92,45,78,22,121,55,54,100,82,105,75,82,87,10,124,29,43,16,79,5,23,4,102,114,92,87,75,37,73,120,110,93,5,10,47,114,81,47,90,20,76,116,8,31,7,26,24,44,88,80,8,11,37,65,76,44,4
85,C86,29,110,96,2,97,47,127,68,4,63,92,118,125,112,69,64,38,53,43,111,117,116,103,81,108,99,102,10,127,127,89,116,9,31,78,108,62,78,91,92,73,56,122,11,70,65,2,86,115,94,45,52,97,112,37,11,109,30,26,103,66,28,64,107,57,112,117,130,14,66,12,51,101,23,76,52,63,107,36,73,125,7,107,71,13,108,41,99,87,37,48,19,4,80,55,65,101,26,89,33,77,120,25,6,107,88,72,31,115,90,72,95,46,8,123,58,47,73,108,40,9,2,27,120,82,99,64,74,31,48
86,C87,117,120,93,27,52,114,38,117,42,102,67,75,90,62,19,12,78,115,83,2,125,100,38,35,15,94,8,54,72,9,124,3,66,107,82,121,102,101,24,98,90,71,114,84,38,114,34,57,10,97,24,75,33,1,39,39,91,11,27,26,67,14,63,101,22,25,19,64,108,11,104,78,16,52,18,7,130,28,93,17,44,15,71,24,54,116,93,57,49,50,82,91,83,39,126,79,60,83,75,123,47,117,112,52,20,13,116,71,5,40,67,101,21,79,64,105,15,38,91,106,60,101,14,29,17,6,102,36,53,92
87,C88,89,9,117,69,29,6,94,10,110,100,57,60,43,86,123,123,22,80,108,48,103,47,16,39,77,34,28,103,2,54,34,125,71,19,87,1,127,14,6,87,115,55,97,114,7,13,129,101,28,53,34,21,13,64,78,96,14,82,9,27,52,91,38,125,55,17,116,89,56,40,33,120,71,13,120,87,52,66,127,105,30,73,33,39,51,103,125,71,19,96,18,1,34,54,123,23,41,97,120,104,48,7,67,86,28,67,67,41,95,38,38,128,100,103,15,48,91,86,83,75,29,22,54,19,114,128,58,38,96,65
88,C89,16,36,90,97,15,89,18,83,32,15,90,21,47,96,13,29,20,61,117,17,28,94,61,80,96,70,109,3,126,113,18,64,47,91,44,16,15,63,98,34,61,3,13,48,61,85,71,82,74,71,59,90,8,83,35,15,126,70,79,30,46,107,50,3,35,77,101,42,68,10,65,126,98,75,23,32,129,55,64,89,124,88,21,35,16,23,90,129,96,47,118,38,94,83,11,86,17,5,117,98,9,42,91,72,125,34,75,35,102,72,29,55,18,61,7,85,49,74,63,17,76,113,66,106,79,50,49,25,3,93
89,C90,2,7,45,54,96,92,98,6,92,6,91,39,32,121,73,52,67,128,35,43,90,62,120,28,64,28,81,108,32,60,13,92,22,62,119,70,82,35,130,121,6,127,128,123,105,82,70,4,65,14,13,98,7,89,11,110,45,95,107,83,92,88,16,86,19,90,96,103,29,117,39,79,70,105,97,117,2,127,108,92,6,26,103,21,10,50,84,89,15,80,54,12,6,104,92,6,24,71,107,8,117,93,92,70,13,107,91,128,60,31,20,97,91,20,49,89,89,85,34,27,105,30,55,82,69,56,23,54,68,64
90,C91,82,4,31,126,2,77,107,118,69,97,20,26,4,33,54,72,90,3,80,98,87,71,77,49,19,30,32,18,92,51,81,80,10,57,92,78,71,7,112,64,127,118,68,81,93,2,22,56,5,51,70,96,72,4,104,123,16,14,119,101,12,70,52,34,37,48,45,29,52,58,105,52,127,8,110,4,23,123,73,78,39,127,37,103,116,85,39,5,59,34,119,22,123,63,130,111,66,35,26,60,122,130,58,116,14,79,64,59,58,129,81,120,42,95,66,43,4,52,68,124,3,114,15,111,38,101,48,119,61,71
91,C92,93,104,84,65,5,19,34,108,90,57,109,36,5,7,75,68,39,21,37,105,96,88,30,103,56,72,58,32,18,61,27,55,49,114,91,115,19,77,73,129,4,80,18,92,44,90,5,53,40,73,16,68,39,79,89,52,46,117,125,107,45,126,88,43,10,38,98,85,34,53,17,106,36,27,94,47,105,105,25,85,36,115,35,13,49,22,95,59,60,25,24,53,84,102,99,10,46,121,36,112,29,54,55,124,35,9,50,121,32,19,128,11,4,73,93,92,108,58,123,7,123,44,43,10,39,5,82,50,24,14
92,C93,106,112,118,16,20,64,4,124,66,88,24,48,126,117,17,73,54,37,123,44,120,57,37,50,14,92,129,83,101,120,115,70,91,79,120,124,34,23,18,68,84,44,70,10,48,88,17,25,60,9,125,10,116,126,49,75,36,128,40,120,54,20,106,26,24,26,64,12,13,100,92,82,9,66,56,46,80,91,102,27,60,99,129,88,7,105,89,12,105,71,5,6,100,8,124,81,22,50,111,31,127,61,84,122,115,91,31,28,90,37,28,121,11,45,81,91,18,18,23,33,96,7,59,84,124,14,91,32,13,6
93,C94,39,59,71,50,21,61,43,27,38,46,98,111,91,63,125,46,121,23,78,33,19,63,81,111,84,109,88,36,104,43,113,114,114,29,83,24,89,90,101,96,117,75,33,117,54,53,11,126,58,58,97,89,67,18,73,129,65,61,62,126,48,97,93,105,67,62,73,75,65,106,85,66,67,124,103,106,61,99,14,9,72,68,97,117,100,92,115,49,67,57,40,96,77,21,105,89,119,4,99,129,11,126,20,12,60,47,66,52,68,97,59,109,79,90,6,84,67,87,72,100,73,13,76,63,78,58,9,127,28,127
94,C95,37,41,18,109,58,30,120,29,104,82,55,40,116,15,51,24,45,94,98,127,79,119,69,64,73,12,66,110,7,81,14,24,63,94,100,94,23,13,121,54,81,57,99,75,69,81,80,39,107,43,90,69,60,57,124,104,33,36,6,13,36,68,8,39,68,45,102,106,76,75,40,50,47,16,49,130,17,96,48,8,28,125,44,123,103,38,58,75,62,85,6,115,105,71,46,7,13,12,9,116,112,49,97,51,98,65,106,6,14,73,19,66,17,43,19,60,121,66,6,97,98,5,83,70,23,52,8,55,65,82
95,C96,26,94,3,63,74,79,52,126,122,13,95,65,15,29,35,101,93,7,85,94,102,41,75,74,130,69,11,113,91,46,114,77,88,125,90,57,6,88,72,58,13,60,7,16,8,42,64,18,43,44,58,40,121,34,55,64,32,8,114,89,13,64,23,22,98,55,37,28,71,57,89,47,79,129,61,55,126,89,61,55,66,8,127,91,87,36,62,56,26,16,26,113,22,108,51,11,16,66,48,54,3,76,12,61,41,71,4,11,52,4,100,44,40,87,111,82,9,41,114,119,12,12,38,49,80,11,110,13,59,97
96,C97,105,124,127,62,120,108,29,102,125,14,27,123,71,26,22,30,25,64,76,16,80,83,83,23,100,60,103,11,21,101,111,56,115,36,105,52,116,129,13,62,26,122,79,93,25,101,89,46,21,91,73,16,125,30,117,111,99,62,11,62,105,52,24,103,104,110,121,108,63,36,127,43,76,9,101,104,4,18,77,19,127,103,28,34,14,59,57,98,125,55,117,73,110,24,57,53,72,15,32,96,85,24,106,29,64,89,68,57,80,94,88,19,81,63,41,20,53,54,31,52,8,21,12,55,42,45,17,128,17,130
97,C98,42,103,49,119,12,22,47,84,113,89,1,67,65,66,43,88,9,83,93,78,115,28,88,75,12,88,118,67,59,14,20,27,14,74,62,55,59,25,88,16,43,46,4,127,35,130,84,15,25,125,115,130,20,128,18,89,78,46,52,24,39,43,30,55,122,50,50,47,85,55,113,112,2,41,124,36,26,88,23,31,50,70,75,77,65,128,70,130,122,90,46,104,37,114,129,64,8,60,105,94,84,112,11,45,53,105,33,72,17,55,87,59,32,85,5,123,58,119,9,3,67,85,101,4,66,48,51,60,5,77
98,C99,74,78,69,40,31,58,8,34,117,121,33,112,61,78,6,17,37,58,107,37,46,1,5,78,3,20,34,38,96,109,108,91,130,33,9,18,63,32,7,49,105,59,120,118,85,91,61,94,82,32,7,117,109,22,99,27,92,31,46,54,33,32,125,57,124,103,99,52,83,98,126,115,40,91,60,127,1,33,4,106,114,53,115,107,31,5,67,26,95,12,109,54,8,105,128,52,58,87,95,5,72,63,21,20,33,111,107,93,127,117,80,119,102,126,36,74,57,65,49,4,88,100,1,100,101,98,13,40,26,35
99,C100,69,128,120,25,127,33,53,69,48,42,10,50,70,37,63,94,79,50,67,36,122,45,35,68,23,95,43,87,4,35,28,130,3,92,53,111,124,53,79,8,103,50,22,28,128,98,90,66,39,109,5,39,99,33,75,70,25,79,92,44,9,26,19,6,69,4,92,114,92,17,59,57,48,97,50,9,44,98,112,4,112,102,9,16,96,110,3,95,32,92,21,110,43,117,54,105,104,54,108,120,91,67,115,8,56,3,74,48,55,83,54,25,68,51,38,103,126,91,94,53,102,96,71,83,98,130,60,21,80,25
100,C101,129,98,11,36,128,93,112,122,36,91,5,92,82,124,68,74,125,42,16,116,31,87,94,57,45,21,117,105,100,13,118,81,100,83,10,50,8,72,119,17,17,40,119,53,30,21,121,34,6,126,27,2,30,44,123,53,34,107,105,86,34,78,89,100,127,9,115,56,6,45,100,18,38,21,95,105,64,93,57,6,87,123,55,60,63,71,117,80,39,99,80,39,90,22,29,90,123,59,127,71,120,123,103,30,89,80,5,5,39,125,50,36,103,26,113,88,45,11,86,90,107,70,65,47,102,55,88,110,108,7
101,C102,28,38,40,30,41,12,33,2,10,90,37,51,25,60,11,128,95,63,101,30,95,11,109,11,9,100,113,94,121,87,77,53,121,37,69,38,123,45,30,59,25,98,69,108,36,26,93,68,109,81,53,66,25,49,13,4,90,106,99,84,43,94,116,20,9,92,61,31,17,30,24,73,56,29,5,53,67,57,18,14,56,14,31,73,29,15,113,31,44,18,85,84,128,11,53,67,89,80,16,61,5,56,31,119,80,25,26,77,65,35,49,77,118,69,128,72,114,123,95,36,78,76,90,77,109,4,83,56,54,69
102,C103,126,72,43,84,126,75,55,92,79,21,86,24,11,6,60,20,62,69,27,65,130,84,18,51,38,27,95,58,89,4,92,42,15,59,15,95,111,122,70,60,15,108,51,65,109,115,86,103,49,49,126,106,91,124,60,51,57,2,104,35,70,58,41,75,42,86,54,13,4,104,7,36,83,104,65,120,96,120,49,98,107,64,92,105,45,43,118,33,3,9,29,2,46,91,47,13,14,123,51,110,15,20,45,34,78,64,51,46,105,96,99,130,6,89,40,22,20,98,92,43,130,65,21,102,122,82,87,124,38,113
103,C104,86,96,20,59,36,36,118,49,18,38,51,11,94,12,77,31,117,5,82,85,63,68,44,60,48,119,10,98,86,31,125,13,56,101,108,126,92,62,64,99,101,86,44,31,112,60,106,5,35,59,85,79,80,40,24,31,97,68,65,28,107,92,112,102,95,39,57,30,100,87,9,122,112,36,74,119,117,125,115,42,70,90,116,121,40,13,108,107,34,63,15,55,121,45,58,112,91,94,65,10,22,33,35,97,6,100,108,112,19,86,65,63,98,109,95,26,68,114,40,113,101,124,88,33,12,40,107,91,111,101
104,C105,85,8,15,79,76,10,88,120,28,86,47,128,28,61,128,48,88,101,110,64,23,5,84,88,37,61,31,33,12,107,45,68,44,77,126,97,46,9,31,75,124,123,126,54,75,31,48,36,57,107,102,111,126,123,80,108,9,130,98,93,27,49,86,66,51,56,90,102,84,27,31,35,4,70,24,108,9,37,96,53,71,96,94,22,69,67,29,16,91,5,19,11,57,32,17,45,85,68,61,102,51,37,23,10,123,52,76,25,8,71,85,27,95,53,103,1,25,107,73,71,128,130,108,76,123,78,124,120,11,50
105,C106,63,62,53,89,47,65,64,13,120,99,13,117,58,122,96,116,50,16,68,13,5,126,13,115,49,51,63,51,20,80,17,94,32,3,106,47,79,81,71,37,32,37,5,37,12,123,94,74,61,128,60,11,41,86,4,74,47,86,31,38,68,108,22,130,70,2,112,59,119,102,73,95,121,98,102,28,48,61,35,52,33,113,34,37,48,68,128,6,76,113,111,3,64,119,91,130,49,124,58,80,123,125,95,44,62,103,17,122,33,63,91,12,9,113,87,44,64,26,111,84,43,19,2,117,107,42,16,20,84,46
106,C107,123,45,126,87,78,15,62,91,67,43,38,38,128,43,87,58,119,9,13,118,50,69,32,16,114,62,128,43,99,44,51,4,16,52,38,33,55,15,22,29,74,87,32,12,129,73,109,32,80,23,99,17,44,42,29,68,23,121,21,32,97,45,67,82,20,64,51,73,43,61,98,55,66,117,53,96,36,129,45,65,120,130,47,43,18,109,34,8,78,52,124,25,70,109,12,95,116,70,123,117,13,106,9,60,116,17,11,9,24,3,71,67,74,7,65,11,41,76,17,38,116,40,92,39,36,68,112,87,14,114
107,C108,91,70,62,34,115,104,104,43,29,77,41,116,102,45,99,102,68,112,10,4,9,106,74,54,109,108,3,73,22,99,87,61,31,85,26,80,119,47,49,79,44,113,42,36,50,5,105,83,112,130,108,9,120,3,61,122,61,27,113,100,106,110,83,58,94,6,109,91,11,115,112,80,95,18,34,74,90,51,97,24,45,65,15,125,109,120,44,65,17,41,69,14,39,9,5,31,30,6,102,74,119,9,42,36,2,6,71,55,4,76,115,53,23,112,120,32,22,5,96,15,53,31,107,2,93,95,117,23,25,105
108,C109,77,55,119,82,42,46,21,41,57,71,15,42,9,31,65,129,19,39,96,74,100,60,24,95,26,26,62,128,15,111,126,52,41,124,29,30,56,79,63,114,40,52,95,99,27,66,52,127,123,48,21,120,83,12,105,24,116,91,81,76,130,4,78,76,114,21,53,97,51,101,128,123,26,44,116,75,68,13,118,11,64,39,122,122,19,14,109,40,113,36,30,125,10,95,42,87,38,110,109,130,45,16,16,104,11,99,35,37,45,64,111,127,125,13,92,93,30,89,1,92,94,115,5,75,126,111,95,7,83,26
109,C110,92,3,56,31,114,106,70,44,103,23,110,101,50,34,102,111,23,49,70,128,57,96,10,33,58,116,97,116,65,6,130,89,108,73,17,83,3,17,46,100,21,4,117,58,14,57,16,99,9,33,105,86,65,37,87,29,122,47,103,10,10,71,102,42,44,71,43,119,96,74,50,27,15,116,42,51,38,75,37,46,51,36,80,27,66,90,87,125,68,69,28,82,42,43,95,115,40,46,12,91,42,108,89,126,42,118,9,123,2,88,66,73,107,56,17,111,42,72,37,5,48,117,128,80,92,10,74,29,40,19
110,C111,81,129,104,35,46,45,108,100,59,20,111,64,101,74,23,84,129,19,54,69,108,61,70,84,123,87,115,27,3,130,53,73,27,126,50,104,42,108,65,4,106,38,76,19,72,17,47,3,20,124,95,18,11,96,69,117,24,115,45,90,11,98,96,46,32,126,36,92,97,9,121,76,12,77,79,26,45,122,125,72,85,51,101,83,74,80,33,2,111,77,43,5,76,55,80,61,15,122,81,37,79,80,83,23,120,11,19,73,9,122,11,117,31,100,90,61,78,47,104,68,81,18,91,110,112,118,79,122,73,16
111,C112,115,27,27,118,3,83,31,88,111,78,121,102,16,111,1,80,15,107,94,60,16,125,45,52,43,79,20,35,130,94,91,15,67,60,64,67,30,40,125,84,78,22,90,113,68,111,107,116,98,122,109,13,75,87,74,17,76,67,89,59,25,5,119,128,96,33,20,121,12,99,29,72,21,115,17,20,70,97,103,23,86,106,112,100,89,126,66,30,47,44,61,29,19,66,103,16,44,36,10,11,92,79,66,26,40,128,30,129,11,102,61,51,89,65,112,62,111,111,120,61,97,102,130,69,2,46,36,51,34,110
112,C113,68,61,12,7,4,26,7,82,40,19,66,96,10,17,32,127,110,45,86,40,110,7,85,129,92,75,64,76,44,32,78,34,43,47,111,14,80,71,54,10,123,130,98,115,119,39,21,27,103,50,77,53,61,91,83,7,54,102,61,20,37,72,12,30,60,129,56,44,120,107,95,20,124,20,83,94,7,41,10,120,97,4,16,111,15,63,54,9,5,29,87,69,67,13,38,9,112,119,52,26,43,26,101,49,34,12,100,107,21,82,40,29,48,111,129,7,112,31,125,44,93,39,31,56,27,64,25,78,39,98
113,C114,94,29,83,5,105,82,6,24,112,36,16,27,95,54,40,15,5,40,20,19,47,58,73,116,94,2,4,97,90,29,67,50,75,11,74,8,26,20,80,31,48,116,46,125,121,102,120,87,7,112,96,38,15,92,96,62,11,52,54,14,115,47,97,36,130,75,77,120,21,95,78,75,57,25,109,19,50,106,52,128,90,59,59,120,118,62,124,32,86,21,64,13,66,49,49,121,81,24,6,65,35,44,30,11,27,123,93,45,12,98,125,39,75,5,26,126,12,83,48,93,40,120,113,108,120,26,120,14,21,123
114,C115,12,16,61,77,95,20,16,51,27,66,89,86,84,41,38,87,107,100,125,103,49,103,68,83,68,43,42,28,34,98,37,87,39,99,67,109,40,115,127,51,119,68,30,23,96,46,67,38,100,117,67,61,106,13,34,77,71,50,85,8,63,6,99,24,112,104,31,23,47,50,83,54,120,128,64,22,123,83,94,25,103,10,20,92,98,41,106,21,30,60,79,8,41,120,74,96,64,8,20,25,109,111,2,103,85,93,29,17,110,74,108,41,14,58,86,86,33,34,20,29,95,49,116,127,95,67,40,26,100,94
115,C116,71,109,100,22,124,105,114,71,63,51,74,43,52,56,41,91,14,77,59,39,55,127,117,22,35,111,30,120,62,73,52,101,79,28,103,34,112,18,95,109,27,65,47,43,124,24,68,54,22,22,65,119,122,62,53,109,58,26,16,19,21,18,15,7,26,81,27,19,15,38,87,10,6,56,31,70,41,70,116,62,109,97,22,61,113,25,42,91,64,89,67,108,63,68,26,93,128,20,13,55,102,89,57,74,71,95,79,82,112,54,15,69,27,74,13,114,13,6,121,54,92,26,19,97,99,125,109,66,47,78
116,C117,55,121,72,73,91,72,90,80,56,116,61,77,51,119,62,19,87,71,22,50,26,33,100,128,17,124,5,129,64,118,24,28,19,103,60,110,61,111,23,63,94,48,75,50,113,75,130,70,84,121,79,94,81,97,107,79,53,116,95,109,14,103,37,79,109,14,70,66,30,23,75,16,14,94,66,24,122,30,56,26,16,19,45,59,4,30,24,84,28,33,96,51,75,28,43,22,54,28,112,93,107,64,126,107,46,14,52,116,76,128,127,52,84,37,126,54,105,69,12,103,36,116,117,17,13,19,76,115,129,10
117,C118,113,68,101,19,90,80,19,28,76,62,32,55,21,77,4,18,97,85,19,115,27,12,91,108,53,66,35,86,112,97,101,102,72,109,52,85,57,42,66,40,72,6,8,20,63,16,128,84,116,102,44,55,127,80,7,113,42,7,97,46,62,50,31,18,103,11,13,74,57,42,35,64,29,93,123,129,3,92,3,29,43,69,126,7,52,73,28,77,120,101,81,100,68,53,39,72,120,105,45,20,8,100,28,35,74,76,102,36,98,32,24,89,56,102,33,119,80,117,57,41,11,46,87,3,108,81,121,72,16,56
118,C119,14,116,46,80,13,54,36,25,101,35,50,61,129,18,114,90,56,93,21,95,40,95,39,29,78,50,84,57,74,41,32,11,124,44,40,99,35,102,100,119,30,33,14,25,16,104,76,8,51,41,129,56,119,67,10,127,31,25,87,108,15,53,33,111,79,76,42,21,118,84,32,81,43,61,3,50,12,22,98,68,29,110,68,50,106,47,81,85,48,6,38,17,109,90,9,92,43,108,130,45,14,78,102,14,119,82,105,61,108,49,60,4,112,32,109,21,63,48,18,10,37,92,47,101,127,60,34,48,46,80
119,C120,128,33,80,60,108,21,123,110,37,130,25,126,46,11,39,81,122,25,4,88,78,107,89,44,99,67,86,25,122,124,40,40,46,55,125,62,76,39,25,3,93,14,113,6,84,62,82,35,108,4,68,44,45,122,111,21,50,129,10,43,111,75,105,49,38,20,4,129,62,16,81,97,32,51,78,45,62,56,24,110,63,13,30,32,9,34,35,36,107,125,98,63,111,35,94,106,48,14,59,42,26,51,104,21,22,120,43,89,81,29,106,1,59,117,122,13,129,118,3,23,41,33,94,86,59,119,21,64,97,37
120,C121,130,43,52,58,66,9,61,127,121,70,76,17,73,67,97,60,16,38,28,45,36,35,20,90,103,31,25,64,118,108,66,19,13,54,128,48,84,26,40,73,76,45,104,94,80,122,44,71,12,16,113,122,117,109,42,58,18,109,7,53,90,51,77,68,65,28,12,79,32,37,43,87,115,123,27,21,110,128,7,74,52,83,95,26,114,102,92,117,98,121,25,128,55,58,7,55,56,96,110,63,32,25,47,129,39,20,16,84,83,106,43,14,73,47,76,63,6,61,82,13,35,74,28,68,52,35,18,83,51,33
121,C122,116,23,35,123,7,81,48,113,88,73,43,30,109,120,25,66,123,126,81,121,62,17,128,21,67,103,99,69,93,110,55,97,26,70,68,112,100,36,38,125,110,13,53,4,77,112,96,72,120,108,84,127,23,61,103,20,27,66,126,29,91,124,74,122,46,37,6,116,73,34,93,17,109,55,57,118,97,24,86,111,105,47,85,101,121,42,112,37,89,26,9,44,44,67,79,82,68,18,22,47,19,41,54,113,25,90,27,12,118,78,89,54,108,49,72,27,52,45,8,22,46,110,95,41,67,88,24,63,33,52
122,C123,20,5,32,42,81,102,117,64,20,126,130,45,113,102,83,82,115,82,7,79,41,50,124,34,104,78,93,78,75,5,74,12,42,43,77,3,87,123,103,108,83,85,24,98,20,50,103,123,122,15,83,101,42,77,20,28,72,65,76,34,18,86,87,72,115,113,87,36,115,90,45,62,33,48,84,125,15,36,126,33,5,57,130,57,85,48,107,22,50,42,51,67,95,73,22,26,94,22,114,128,118,84,116,69,118,53,23,88,106,70,32,98,29,28,31,3,69,33,50,116,112,56,35,121,68,108,113,73,63,40
123,C124,3,66,54,124,82,11,56,59,50,56,49,66,117,75,2,95,72,78,25,102,76,76,108,102,121,42,23,9,13,59,61,46,125,51,24,93,60,89,56,9,39,69,35,91,107,27,85,47,68,76,30,112,6,70,48,126,98,108,12,87,77,29,42,119,116,73,62,60,127,64,8,117,46,87,6,98,32,117,66,79,12,60,25,29,22,58,101,113,123,46,11,98,122,38,113,35,18,63,30,82,25,92,79,68,58,60,41,103,34,39,16,68,38,30,27,15,56,16,4,34,119,36,96,128,18,93,100,114,22,17
124,C125,90,25,42,76,59,18,72,26,5,39,77,119,98,99,10,130,28,17,6,119,82,24,47,36,126,29,27,92,10,52,84,49,68,97,28,63,75,37,94,23,20,94,102,110,57,93,104,51,88,21,104,6,27,51,54,33,124,41,38,49,100,121,59,52,14,54,89,46,26,111,82,92,102,83,100,59,28,50,87,81,21,43,39,81,42,88,48,108,4,93,66,122,17,86,73,29,77,34,96,68,58,74,48,121,54,121,55,98,67,101,18,35,43,128,25,90,61,105,47,98,22,68,61,73,110,107,42,52,82,107
125,C126,43,20,121,85,38,110,26,14,82,103,40,35,124,20,53,32,47,14,29,117,51,108,123,37,7,127,51,72,19,23,57,21,81,34,89,17,54,56,44,105,129,93,56,21,103,6,116,98,92,2,42,4,100,38,43,116,105,59,112,130,125,84,90,19,31,70,71,86,110,24,34,113,27,79,68,48,87,109,130,69,31,86,18,64,93,76,88,73,83,109,126,26,52,123,13,59,25,112,23,59,36,27,81,38,37,28,95,120,46,130,93,61,117,48,117,116,72,122,16,91,19,108,57,58,63,97,111,85,12,72
126,C127,44,26,86,95,32,44,97,70,114,44,88,33,75,89,106,117,24,103,46,107,71,25,28,41,5,123,78,12,103,45,104,22,85,81,25,81,67,116,106,24,23,18,36,46,127,37,43,41,38,63,31,14,38,107,28,86,89,76,32,85,26,113,101,53,12,59,17,48,72,32,106,118,65,33,8,122,53,29,80,107,89,21,100,58,57,69,85,60,16,66,106,33,24,89,52,110,84,91,82,62,6,38,27,41,44,124,88,50,86,25,34,85,54,105,47,40,44,35,53,49,34,80,69,23,53,104,54,82,81,106
127,C128,49,57,55,20,56,29,85,46,52,49,120,113,78,84,104,55,74,122,115,32,73,128,67,122,61,25,33,15,11,50,69,129,86,56,96,82,95,95,50,38,53,25,54,122,47,69,83,117,47,39,101,49,9,53,57,59,130,83,14,98,127,114,27,61,49,49,78,78,64,76,64,89,99,43,12,77,116,67,27,112,32,58,51,15,101,96,30,97,112,87,125,102,20,101,121,122,36,30,94,109,55,58,78,83,90,104,86,34,69,30,53,124,70,115,89,9,71,59,77,50,24,91,111,57,70,115,125,129,119,20
128,C129,48,79,77,43,70,42,99,56,55,129,96,37,89,52,116,92,91,57,52,14,91,78,122,73,44,113,65,114,16,3,97,113,82,71,32,102,49,125,84,43,24,114,65,18,55,96,57,111,55,61,106,70,46,66,44,98,37,63,50,115,108,34,71,32,88,88,83,77,66,41,119,21,77,42,63,91,73,74,111,82,40,104,79,116,111,107,130,90,53,98,93,56,27,77,25,124,59,129,104,64,52,107,5,114,79,57,34,22,111,59,45,81,66,55,98,47,40,92,81,58,39,66,102,88,81,51,119,100,127,11
129,C130,51,99,122,103,57,59,78,95,99,110,101,124,31,69,36,107,82,111,65,122,114,93,23,62,54,63,39,53,80,129,107,75,118,82,54,127,104,117,92,126,120,62,116,106,102,125,100,128,59,88,124,129,14,82,95,125,81,43,111,125,20,25,84,40,59,117,126,80,90,48,63,60,97,127,75,100,127,124,129,99,46,84,99,84,92,101,94,111,55,106,37,109,38,96,106,126,129,44,97,66,31,86,73,117,32,129,36,80,122,51,103,47,88,50,71,83,74,130,109,115,84,121,93,119,125,79,129,101,130,47
